[
  { 
    "code":"Standard-T2",
    "name": "Template2_sadoshima",
    "description": "Purchase order to Sadoshima Corporation, specifying product details and order information.",
    "category": "Purchase order",
    "fields": [
      {
        "name": "現場名",
        "description": "現場名 field"
      },
       {
        "name": "納入場所",
        "description": "納入場所 or buying company address (near postal code in document, and prefer the head office). Take all phrase after postal code."
      },
       {
        "name": "納期",
        "description": " note about WHEN custommer want goods to arrive (at 伝票備考 field of document), can be a date (in format MM/DD), a period, or a adjective of shipping (such as fastest, shortest, as soon as posible)"
      },
       {
        "name": "担当者",
        "description": "PERSON NAME under the 発注 field at the bottom of document"
      },
       {
        "name": "発注No",
        "description": "order number in 発注No field."
      }
    ],
    "tableFields": [
      {
        "name": "PRODUCT-CODE",
        "description": "copy 商品コード column."
      },
      {
        "name": "PRODUCT-NAME",
        "description": "copy 品 名 column."
      }, 
      {
        "name": "COLOR",
        "description": "Color may exist in product name (after \"*\")."
      },
      {
        "name": "THICKNESS",
        "description": "If サイズ start with number, split サイズ by \"X\" and get the first value."
      },
      {
        "name": "SERIES",
        "description": "copy 銘柄 column."
      },
      {
        "name": "LENGTH",
        "description":  "If サイズ start with number, split サイズ by \"X\" and get the second value. If サイズ start with \"L=\", get the first value after \"L=\"."
      },
      {
        "name": "AMOUNT",
        "description": "If サイズ start with number, split サイズ by \"X\" and get the third value. If サイズ start with \"L=\", get the second value after \"L=\" (if exist)."
      },
       {
        "name": "Total",
        "description": "copy \"発注数量\" column."
      },
      {
        "name": "裏貼り",
        "description": "if サイズ column start with 裏貼り, return 裏貼り, otherwise return emty."
      },
      {
        "name": "裏貼りSERIES",
        "description": "if サイズ column start with 裏貼り, return 裏貼り, otherwise return emty."
      },
      {
        "name": "裏貼りLENGTH",
        "description": "if サイズ column start with 裏貼り, If サイズ start with number, split サイズ by \"X\" and get the first value."
      },
       {
        "name": "裏貼りTHICKNESS",
        "description": "if サイズ column start with 裏貼り, If サイズ start with number, split サイズ by \"X\" and get the second value. If サイズ start with \"L=\", get the first value after \"L=\"."
      },
      {
        "name": "ORDER_Total",
        "description": "copy \"発注単価\" column."
      },
      {
        "name": "Order_Amount",
        "description": "copy \"発注金額\" column."
      }
    ]
  },
  {
    "code":"Standard-T3",
    "name": "Template3_kirii",
    "description": "Shipping instruction sheet regarding the delivery of various materials and products",
    "category": "Shipping Instruction Form",
    "fields": [
      {
        "name": "得意先",
        "description": "Customer company (if \"桐井製作所\" exists, it must be \"桐井製作所\", else \"--\")."
      },
       {
        "name": "発注者",
        "description": "Orderer company (NOT 桐井製作所)."
      },
       {
        "name": "希望納期",
        "description": "Preferred DATE to receive the product/service."
      },
       {
        "name": "希望着時間",
        "description": "Delivery TIME requested by the customer"
      },
       {
        "name": "現場名",
        "description": " 納入先 (現場名) or Detail designation of a company LOCATION or SITE."
      },
       {
        "name": "配送先住所",
        "description": "delivery ADDRESS provided by buyer"
      },
       {
        "name": "車両",
        "description": "note about vehicles."
      },
       {
        "name": "荷受人",
        "description": "NAME of the person directly receiving goods/services, or \"--\" if unknown."
      },
      {
        "name": "電話番号",
        "description": "Telephone number of the Recipient. (number only)"
      }
    ],
    "tableFields": [
      {
        "name": "資材 品番",
        "description": "copy 資材 品番 column"
      },
       {
        "name": "数量",
        "description": "copy 数量 column"
      },
      {
        "name": "単位",
        "description": "copy 単位 column"
      },
      {
        "name": "納期",
        "description": "copy 納期 column"
      },
       {
        "name": "指定の有無",
        "description": "copy 指定の有無column "
      },
       {
        "name": "備考/注意事項",
        "description": "copy 備考/注意事項 column"
      }
    ]
  },
  {
    "code":"Standard-T4",
    "name": "Template4_nsk",
    "description": "Purchase order containing project details.",
    "category": "Purchase order",
    "fields": [
      {
        "name": "工事名",
        "description": "The field <工事名> is an address or location information"
      },
       {
        "name": "発注伝票Ｎｏ",
        "description": "発注伝票Ｎｏ"
      },
       {
        "name": "所在地",
        "description": "The field <所在地> is an address or location information but did not contain zip code"
      },
       {
        "name": "工事責任者",
        "description": "工事責任者"
      },
       {
        "name": "工事番号",
        "description": "The field <工事番号> is a numeric identifier or code located before the <工事名> field"
      },
       {
        "name": "発注合計",
        "description": "発注合計"
      }
    ],
    "tableFields": [
      {
        "name": "発注内容",
        "description": "copy 発注内容 column"
      },
      {
        "name": "仕様",
        "description": "copy 仕様 column"
      },
      {
        "name": "数量",
        "description": "copy 数量 column"
      },
      {
        "name": "単位",
        "description": "copy 単位 column"
      },
      {
        "name": "単価",
        "description": "copy 単価 column"
      },
       {
        "name": "金額",
        "description": "copy 金額 column"
      }
    ]
  },
  {
    "code":"Standard-T5",
    "name": "Template5_sadoshima",
    "description": "Purchase order to Sadoshima Corporation, specifying product details and order information.",
    "category": "Purchase order",
    "fields": [
      {
        "name": "現場名",
        "description": "buying company address. Take full phrase after the postal code, in example: 大阪府八尾市東山町北3丁目8-2"
      },
       {
        "name": "納入場所",
        "description": "place and instruction the goods or services will be shipped to. (納入先 field or 納入場所 field in document, in example: 大阪営業所出口, 幻想店入れ)"
      },
       {
        "name": "納期",
        "description": "Delivery Date/Deadline. This represents the requested or agreed-upon date by which the goods or services should be delivered."
      },
       {
        "name": "担当者",
        "description": "This refers who is responsible for the purchase order or serves as the contact person for any inquiries or communication related to the order. (e.g: Tanaka, Yamamoto)"
      },
       {
        "name": "発注No",
        "description": "This represents the unique identifier or reference number assigned to the purchase order for tracking and administrative purposes."
      },
      {
        "name": "発注日",
        "description": "This indicates the date on which the purchase order was issued or created."
      }
    ],
    "tableFields": [
      {
        "name": "PRODUCT-CODE",
        "description": "Code value in FORMAT: cased characters followed by digits (e.g: WEVGL6088, WEDNF20882). Search it in the product name content."
      },
      {
        "name": "PRODUCT-NAME",
        "description": "Name and size (商品名 寸法) information of the product."
      },
      {
        "name": "Total",
        "description": "Quantity information of product, under amount or quantity column."
      }
    ]
  },
  {
    "code":"Standard-T6",
    "name": "Template6_nsk",
    "description": "Purchase order specifying product details and order information.",
    "category": "Purchase order",
    "fields": [
      {
        "name": "納入先",
        "description": "納入先"
      },
      {
        "name": "オーダーNo.",
        "description": "オーダーNo."
      },
      {
        "name": "住所",
        "description": "You must determine if there is keyword 施工業者 in the document first, if no information was found then the two fields <住所> and <携帯> must be empty"
      },
       {
        "name": "担当",
        "description": "担当"
      },
      {
        "name": "携帯",
        "description": "You must determine if there is keyword 施工業者 in the document first, if no information was found then the two fields <住所> and <携帯> must be empty"
      },
      {
        "name": "ビルダー名",
        "description": "The field <ビルダー名> refers to a customer company name and sometime equal to the field <得意先> in the document"
      },
       {
        "name": "希望納入日",
        "description": " The filed <希望納入日> is the first entry in the sequence of 3 consecutive datetime values"
      },
      {
        "name": "発注金額",
        "description": "発注金額"
      }
    ],
    "tableFields": [
      
    ]
  },
  {
    "code":"Standard-T7",
    "name": "Template7_kirii",
    "description": "Purchase order specifying product details and order information.",
    "category": "Purchase order",
    "fields": [
      {
        "name": "得意先",
        "description": "Customer company (御社名 field)."
      },
       {
        "name": "発注者",
        "description": "Orderer company (NOT 桐井製作所)."
      },
       {
        "name": "希望納期",
        "description": "Preferred DATE to receive the product/service (納品日 field)"
      },
       {
        "name": "希望着時間",
        "description": " Delivery TIME requested by the customer (納品時間 field)."
      },
       {
        "name": "現場名",
        "description": "現場名(邸名) or Detail designation of a company LOCATION or SITE."
      },
       {
        "name": "配送先住所",
        "description": "delivery ADDRESS provided by buyer."
      },
      {
        "name": "車両",
        "description": "note about vehicles."
      },
      {
        "name": "注意事項",
        "description": "注意事項"
      },
      {
        "name": "荷受人",
        "description": "NAME of the person directly receiving goods/services, or \"--\" if unknown. (荷受人様 field)"
      },
      {
        "name": "電話番号",
        "description": "Telephone number of the Recipient. (number only at 携帯電話番号 field)"
      },
      {
        "name": "得意先注文番号",
        "description": "得意先注文番号"
      },
      {
        "name": "ゼネコン",
        "description": "general contractor."
      },
      {
        "name": "新規　継続",
        "description": "新規　継続"
      }
    ],
    "tableFields": [
      {
        "name": "品名",
        "description": "copy 品名 column."
      },
      {
        "name": "数量",
        "description": "copy 数量 column."
      },
      {
        "name": "単位",
        "description": "copy 単位 column."
      }
    ]
  },
  {
    "code":"Standard-T8",
    "name": "Template8_kirii",
    "description": "Fax Order providing an order request for various construction materials.",
    "category": "Fax Order",
    "fields": [
      {
        "name": "案件名",
        "description": "name of the orderer (human name)"
      },
       {
        "name": "住所",
        "description": "address to ship goods, only need location, street name."
      },
       {
        "name": "得意先",
        "description": "customer name, the mentioned company at the bottom of document."
      },
       {
        "name": "得意先電話番号",
        "description": "take phone number after 飯尾 field at bottom (not after TEL)."
      }
    ],
    "tableFields": [
      {
        "name": "部品名",
        "description": " every item are presented in format \"部品名 X 個数\", get the first value of \"部品名 X 個数\""
      },
      {
        "name": "個数",
        "description": "every item are presented in format \"部品名 X 個数\", get the second value of \"部品名 X 個数\""
      }
    ]
  },
  {
    "code":"Standard-T9",
    "name": "Template9_nsk",
    "description": "Purchase order specifying product details and order information.",
    "category": "Purchase order",
    "fields": [
      {
        "name": "案件名",
        "description": "The field <案件名> refers to delivery destination name associated with <現場名> field but not does not contain honorific suffix such as 様, 様邸"
      },
       {
        "name": "発注No.",
        "description": "The field <発注No> is a unique identifier next to the <仕入先> field"
      },
       {
        "name": "住所",
        "description": "The field <住所> equal to the address of <納品先> in the document but not does not contain zip code"
      },
      {
        "name": "ビルダー名",
        "description": "The field <ビルダー名> indicates a customer company name and equivalent to the field <御得意先様> in the document."
      },
      {
        "name": "希望納期",
        "description": "希望納期"
      },
      {
        "name": "仕入単価",
        "description": "仕入単価"
      }
    ],
    "tableFields": [
    ]
  },
  {
    "code":"Standard-T10",
    "name": "Template10_nsk",
    "description": "Purchase order specifying product details and order information.",
    "category": "Purchase order",
    "fields": [
      {
        "name": "案件名",
        "description": "The field <案件名> refers to delivery destination name associated with an identifier or a reference number"
      },
       {
        "name": "発注No.",
        "description": "The field <発注No> is a unique identifier following the format XXXXXX-X, before the <発注日> field"
      },
       {
        "name": "住所",
        "description": "住所"
      },
       {
        "name": "現場担当者",
        "description": "現場担当者"
      },
        {
        "name": "現場連絡先",
        "description": "The field <現場連絡先> is a mobile phone number associated with the field <現場担当者> but not contain prefix \"N\""
      },
       {
        "name": "入荷希望日",
        "description": "入荷希望日"
      }
    ],
    "tableFields": [
      
    ]
  },
  {
    "code":"Standard-T11",
    "name": "Template11_kirii",
    "description": "Fax Order providing an order request for various construction materials.",
    "category": "Fax Order",
    "fields": [
      {
        "name": "得意先",
        "description": " Customer company."
      },
       {
        "name": "発注者",
        "description": "Orderer company (NOT 桐井製作所)."
      },
       {
        "name": "希望納期",
        "description": "Preferred DATE to receive the product/service"
      },
      {
        "name": "現場名",
        "description": "現場名(邸名) or Detail designation of a company LOCATION or SITE."
      },
      {
        "name": "配送先住所",
        "description": "delivery ADDRESS provided by buyer."
      },
      {
        "name": "注意事項",
        "description": "注意事項"
      },
      {
        "name": "荷受人",
        "description": "NAME of the person directly receiving goods/services, or \"--\" if unknown."
      },
      {
        "name": "電話番号",
        "description": "Telephone number of the Recipient. (number only)"
      },
       {
        "name": "得意先注文番号",
        "description": "得意先注文番号"
      }
    ],
    "tableFields": [
       {
        "name": "品名",
        "description": "every item are in format 品名 X 数量 単位, get the first value of 品名 X 数量 単位."
      },
      {
        "name": "数量",
        "description": "every item are in format 品名 X 数量 単位, get the second value  of 品名 X 数量 単位."
      },
      {
        "name": "単位",
        "description": "every item are in format 品名 X 数量 単位, get the third value of 品名 X 数量 単位."
      }
    ]
  },
  {
    "code":"Standard-T12",
    "name": "Template12_shiba",
    "description": "Use for Shiba template",
    "category": "Shiba template",
    "fields": [],
    "tableFields": []
  }
]